<?xml version="1.0" encoding="UTF-8"?>
<section name="Workbench">
	<section name="org.eclipse.ui.texteditor.FindReplaceDialog">
		<item key="selection" value="form"/>
		<item key="wrap" value="true"/>
		<item key="casesensitive" value="false"/>
		<item key="wholeword" value="false"/>
		<item key="incremental" value="false"/>
		<item key="isRegEx" value="false"/>
		<list key="findhistory">
			<item value="form"/>
			<item value="console"/>
			<item value="out"/>
			<item value="컷"/>
			<item value="memProfilePic"/>
			<item value="memProfilePiic"/>
			<item value="memPro"/>
			<item value="mem"/>
			<item value="filterTitle"/>
			<item value="filterTitl"/>
			<item value="filter-Titl"/>
			<item value="filter-Title"/>
			<item value="filter"/>
			<item value="margin"/>
			<item value="p"/>
		</list>
		<list key="replacehistory">
			<item value="/"/>
		</list>
	</section>
	<section name="org.eclipse.ui.texteditor.FindReplaceDialog_dialogBounds">
		<item key="DIALOG_X_ORIGIN" value="1233"/>
		<item key="DIALOG_Y_ORIGIN" value="251"/>
		<item key="DIALOG_WIDTH" value="288"/>
		<item key="DIALOG_HEIGHT" value="391"/>
		<item key="DIALOG_FONT_NAME" value="1|맑은 고딕|9.0|0|WINDOWS|1|-12|0|0|0|400|0|0|0|1|0|0|0|0|맑은 고딕"/>
	</section>
</section>
