<?xml version="1.0" encoding="UTF-8" standalone="no"?>
<qualifiedTypeNameHistroy>
<fullyQualifiedTypeName name="org.springframework.stereotype.Controller"/>
<fullyQualifiedTypeName name="org.springframework.web.bind.annotation.RequestMapping"/>
<fullyQualifiedTypeName name="org.springframework.web.servlet.ModelAndView"/>
<fullyQualifiedTypeName name="com.suim.house.model.service.ListHouseService"/>
<fullyQualifiedTypeName name="org.springframework.stereotype.Service"/>
<fullyQualifiedTypeName name="org.springframework.beans.factory.annotation.Autowired"/>
<fullyQualifiedTypeName name="com.suim.house.model.dao.ListHouseDao"/>
<fullyQualifiedTypeName name="org.springframework.stereotype.Repository"/>
<fullyQualifiedTypeName name="java.util.ArrayList"/>
<fullyQualifiedTypeName name="com.suim.house.model.vo.House"/>
<fullyQualifiedTypeName name="org.mybatis.spring.SqlSessionTemplate"/>
<fullyQualifiedTypeName name="com.suim.house.model.vo.Region"/>
<fullyQualifiedTypeName name="org.springframework.web.bind.annotation.RequestParam"/>
<fullyQualifiedTypeName name="org.springframework.format.annotation.DateTimeFormat"/>
<fullyQualifiedTypeName name="java.time.LocalDate"/>
<fullyQualifiedTypeName name="java.util.Map"/>
<fullyQualifiedTypeName name="java.util.HashMap"/>
<fullyQualifiedTypeName name="com.google.gson.Gson"/>
<fullyQualifiedTypeName name="org.springframework.web.bind.annotation.ResponseBody"/>
<fullyQualifiedTypeName name="java.util.Date"/>
<fullyQualifiedTypeName name="java.util.List"/>
</qualifiedTypeNameHistroy>
